variable_value,primary_metric,secondary_metric_1,secondary_metric_2
1,4.091648,0.798000,798.000000
2,4.114059,0.798500,1597.000000
3,4.207345,0.818333,2455.000000
4,4.205799,0.818500,3274.000000
5,4.186405,0.814000,4070.000000
6,4.150687,0.807500,4845.000000
7,4.132843,0.804857,5634.000000
8,4.135344,0.805250,6442.000000
9,4.122629,0.803111,7228.000000
10,4.114246,0.802100,8021.000000
