variable_value,primary_metric,secondary_metric_1,secondary_metric_2
1,4.161100,0.798000,798.000000
2,4.189087,0.798500,1597.000000
3,4.276950,0.818333,2455.000000
4,4.262104,0.818500,3274.000000
5,4.241540,0.814000,4070.000000
6,4.218645,0.807500,4845.000000
7,4.183353,0.804857,5634.000000
8,4.184760,0.805250,6442.000000
9,4.170104,0.803111,7228.000000
10,4.171757,0.802100,8021.000000
