variable_value,primary_metric,secondary_metric_1,secondary_metric_2
1,0.807137,0.108000,108.000000
2,0.734113,0.097500,195.000000
3,0.698091,0.092000,276.000000
4,0.695603,0.092750,371.000000
5,0.688733,0.092600,463.000000
6,0.681587,0.092333,554.000000
7,0.675235,0.090714,635.000000
8,0.675972,0.091000,728.000000
9,0.679283,0.091667,825.000000
10,0.686040,0.090500,905.000000
