variable_value,primary_metric,secondary_metric_1,secondary_metric_2
1,0.781005,0.108000,108.000000
2,0.712089,0.097500,195.000000
3,0.677543,0.092000,276.000000
4,0.671982,0.092750,371.000000
5,0.667758,0.092600,463.000000
6,0.663565,0.092333,554.000000
7,0.655977,0.090714,635.000000
8,0.656547,0.091000,728.000000
9,0.658758,0.091667,825.000000
10,0.655826,0.090500,905.000000
