variable_value,primary_metric,secondary_metric_1,secondary_metric_2
1,4.166518,0.798000,798.000000
2,4.193923,0.798500,1597.000000
3,4.287958,0.818333,2455.000000
4,4.282795,0.818500,3274.000000
5,4.263311,0.814000,4070.000000
6,4.226894,0.807500,4845.000000
7,4.206414,0.804857,5634.000000
8,4.208690,0.805250,6442.000000
9,4.196161,0.803111,7228.000000
10,4.184276,0.802100,8021.000000
