variable_value,primary_metric,secondary_metric_1,secondary_metric_2
1,31.518221,0.798000,798.000000
2,42.858337,0.798500,1597.000000
3,46.161520,0.818333,2455.000000
4,45.629393,0.818500,3274.000000
5,52.034760,0.814000,4070.000000
6,54.647168,0.807500,4845.000000
7,55.251162,0.804857,5634.000000
8,57.436546,0.805250,6442.000000
9,58.521177,0.803111,7228.000000
10,59.424569,0.802100,8021.000000
