variable_value,primary_metric,secondary_metric_1,secondary_metric_2
1,0.794026,0.108000,108.000000
2,0.725150,0.097500,195.000000
3,0.692074,0.092000,276.000000
4,0.686937,0.092750,371.000000
5,0.680345,0.092600,463.000000
6,0.676524,0.092333,554.000000
7,0.668399,0.090714,635.000000
8,0.671215,0.091000,728.000000
9,0.672837,0.091667,825.000000
10,0.671195,0.090500,905.000000
