variable_value,primary_metric,secondary_metric_1,secondary_metric_2
2,0.005247,1.000000,0.980000
4,0.005115,1.000000,0.965000
6,0.003960,1.000000,0.948000
8,0.004482,1.000000,0.927000
10,0.004606,1.000000,0.911000
12,0.004184,1.000000,0.880000
14,0.004431,1.000000,0.860000
16,0.004284,1.000000,0.845000
18,0.004055,1.000000,0.821000
20,0.004157,1.000000,0.793000
