variable_value,primary_metric,secondary_metric_1,secondary_metric_2
6,33.126758,0.798000,798.000000
12,35.118303,0.798000,798.000000
18,38.439380,0.798000,798.000000
24,43.069502,0.798000,798.000000
30,48.028416,0.798000,798.000000
36,52.326858,0.798000,798.000000
42,56.276601,0.798000,798.000000
48,60.016440,0.798000,798.000000
54,63.540687,0.798000,798.000000
60,66.812660,0.798000,798.000000
