num_fog_nodes,scheduling_latency_ms,workload_imbalance
5.000000,0.005200,0.004541
10.000000,0.005600,0.006360
15.000000,0.005600,0.008584
20.000000,0.006500,0.008998
25.000000,0.006300,0.011390
30.000000,0.006900,0.011874
35.000000,0.017500,0.012957
40.000000,0.036300,0.013405
45.000000,0.014700,0.014897
50.000000,0.021100,0.015838
