variable_value,primary_metric,secondary_metric_1,secondary_metric_2
500,0.803346,0.000000,0.000000
1000,0.807737,0.000000,0.000000
1500,0.734184,0.000000,0.000000
2000,0.737901,0.000000,0.000000
2500,0.729563,0.000000,0.000000
3000,0.704142,0.000000,0.000000
3500,0.714768,0.000000,0.000000
4000,0.702589,0.000000,0.000000
4500,0.697528,0.000000,0.000000
5000,0.696025,0.000000,0.000000
