variable_value,primary_metric,secondary_metric_1,secondary_metric_2
500,0.789827,0.000000,0.000000
1000,0.795545,0.000000,0.000000
1500,0.722716,0.000000,0.000000
2000,0.728599,0.000000,0.000000
2500,0.723370,0.000000,0.000000
3000,0.696161,0.000000,0.000000
3500,0.704699,0.000000,0.000000
4000,0.695418,0.000000,0.000000
4500,0.686637,0.000000,0.000000
5000,0.690520,0.000000,0.000000
