variable_value,primary_metric,secondary_metric_1,secondary_metric_2
500,3.888478,0.000000,0.000000
1000,4.090820,0.000000,0.000000
1500,4.165888,0.000000,0.000000
2000,4.114079,0.000000,0.000000
2500,4.206335,0.000000,0.000000
3000,4.206600,0.000000,0.000000
3500,4.192485,0.000000,0.000000
4000,4.204609,0.000000,0.000000
4500,4.184074,0.000000,0.000000
5000,4.183534,0.000000,0.000000
