variable_value,primary_metric,secondary_metric_1,secondary_metric_2
500,0.772944,0.000000,0.000000
1000,0.781829,0.000000,0.000000
1500,0.710444,0.000000,0.000000
2000,0.713553,0.000000,0.000000
2500,0.707795,0.000000,0.000000
3000,0.682918,0.000000,0.000000
3500,0.689540,0.000000,0.000000
4000,0.681205,0.000000,0.000000
4500,0.676803,0.000000,0.000000
5000,0.676418,0.000000,0.000000
