variable_value,primary_metric,secondary_metric_1,secondary_metric_2
500,0.775480,0.000000,0.000000
1000,0.784026,0.000000,0.000000
1500,0.714891,0.000000,0.000000
2000,0.716521,0.000000,0.000000
2500,0.709545,0.000000,0.000000
3000,0.685546,0.000000,0.000000
3500,0.692967,0.000000,0.000000
4000,0.682228,0.000000,0.000000
4500,0.676870,0.000000,0.000000
5000,0.676874,0.000000,0.000000
