variable_value,primary_metric,secondary_metric_1,secondary_metric_2
500,36.030671,,
1000,33.126758,,
1500,39.894783,,
2000,43.357861,,
2500,47.603027,,
3000,44.408460,,
3500,41.596952,,
4000,40.065081,,
4500,40.265360,,
5000,43.550586,,
