variable_value,primary_metric,secondary_metric_1,secondary_metric_2
500,3.962528,,
1000,4.157862,,
1500,4.235028,,
2000,4.194270,,
2500,4.281929,,
3000,4.283809,,
3500,4.264454,,
4000,4.275598,,
4500,4.255960,,
5000,4.259361,,
