variable_value,primary_metric,secondary_metric_1,secondary_metric_2
0.020000,2.0540,1.0000,1.0000
0.040000,2.0600,1.0000,1.0000
0.060000,2.0560,1.0000,1.0000
0.080000,2.0554,1.0000,1.0000
0.100000,2.0600,1.0000,1.0000
0.120000,2.0564,1.0000,1.0000
0.140000,2.0600,1.0000,1.0000
0.160000,2.0569,1.0000,1.0000
0.180000,2.0571,1.0000,1.0000
0.200000,2.0550,1.0000,1.0000
