variable_value,primary_metric,secondary_metric_1,secondary_metric_2
0.020000,5.1770,1.0000,1.0000
0.040000,5.4417,1.0000,1.0000
0.060000,5.0500,1.0000,1.0000
0.080000,5.2150,1.0000,1.0000
0.100000,5.4503,1.0000,1.0000
0.120000,5.2194,1.0000,1.0000
0.140000,5.4418,1.0000,1.0000
0.160000,5.2300,1.0000,1.0000
0.180000,5.3327,1.0000,1.0000
0.200000,5.1632,1.0000,1.0000
0.250000,5.3235,1.0000,1.0000
0.300000,5.2975,1.0000,1.0000
0.350000,5.3952,1.0000,1.0000
