variable_value,primary_metric,secondary_metric_1,secondary_metric_2
1,1.000000,,
2,0.500000,,
3,0.333000,,
4,0.250000,,
5,0.200000,,
6,0.166000,,
7,0.142000,,
8,0.125000,,
9,0.111000,,
10,0.100000,,
12,0.083000,,
14,0.071000,,
16,0.062000,,
18,0.055000,,
20,0.050000,,
