variable_value,primary_metric,secondary_metric_1,secondary_metric_2
0.02,5.138641,1.000000,0.980000
0.04,5.744961,1.000000,0.965000
0.06,5.972835,1.000000,0.945000
0.08,7.194445,1.000000,0.928000
0.1,7.558179,1.000000,0.913000
0.12,7.829876,1.000000,0.886000
0.14,8.364435,1.000000,0.866000
0.16,8.632052,1.000000,0.861000
0.18,8.714775,1.000000,0.840000
0.2,8.081084,1.000000,0.800000
