variable_value,primary_metric,secondary_metric_1,secondary_metric_2
0.02,5.532512,1.000000,0.979900
0.04,6.016120,1.000000,0.960100
0.06,6.664386,1.000000,0.939800
0.08,7.169406,1.000000,0.919900
0.10,7.766261,1.000000,0.897300
0.12,8.308933,1.000000,0.879900
0.14,8.700216,1.000000,0.863500
0.16,8.871772,1.000000,0.844500
0.18,8.859083,1.000000,0.819900
0.20,8.712057,1.000000,0.799200
