variable_value,primary_metric,secondary_metric_1,secondary_metric_2
0.02,5.236411,1.000000,0.980000
0.04,5.991180,1.000000,0.965000
0.06,6.247226,1.000000,0.948000
0.08,7.136680,1.000000,0.927000
0.1,8.068629,1.000000,0.911000
0.12,8.156213,1.000000,0.880000
0.14,8.713054,1.000000,0.860000
0.16,8.841246,1.000000,0.845000
0.18,8.684907,1.000000,0.821000
0.2,8.846481,1.000000,0.793000
