variable_value,primary_metric,secondary_metric_1,secondary_metric_2
0.020000,2.0000,1.0000,1.0000
0.040000,5.5000,1.0000,1.0000
0.060000,4.4775,1.0000,1.0000
0.080000,4.6750,1.0000,1.0000
0.100000,4.4760,1.0000,1.0000
0.120000,4.1429,1.0000,1.0000
0.140000,4.1300,1.0000,1.0000
0.160000,4.4385,1.0000,1.0000
0.180000,4.4200,1.0000,1.0000
0.200000,5.1567,1.0000,1.0000
