variable_value,primary_metric,secondary_metric_1,secondary_metric_2
0.020000,5.3100,1.0000,1.0000
0.040000,0.0000,1.0000,1.0000
0.060000,3.2300,1.0000,1.0000
0.080000,3.8700,1.0000,1.0000
0.100000,4.2567,1.0000,1.0000
0.120000,4.6100,1.0000,1.0000
0.140000,5.0286,1.0000,1.0000
0.160000,5.0733,1.0000,1.0000
0.180000,4.7508,1.0000,1.0000
0.200000,5.1717,1.0000,1.0000
