variable_value,primary_metric,secondary_metric_1,secondary_metric_2
0.020000,4.3333,1.0000,1.0000
0.040000,4.7729,1.0000,1.0000
0.060000,5.2760,1.0000,1.0000
0.080000,5.2217,1.0000,1.0000
0.100000,4.8810,1.0000,1.0000
0.120000,5.1117,1.0000,1.0000
0.140000,5.1976,1.0000,1.0000
0.160000,4.6730,1.0000,1.0000
0.180000,5.0681,1.0000,1.0000
0.200000,5.1471,1.0000,1.0000
