num_fog_nodes,scheduling_latency_ms,workload_imbalance
5.000000,0.000380,0.096433
10.000000,0.000417,0.106134
15.000000,0.000483,0.094098
20.000000,0.000503,0.084650
25.000000,0.000579,0.077500
30.000000,0.000587,0.071942
35.000000,0.000741,0.067341
40.000000,0.000695,0.063795
45.000000,0.000818,0.060579
50.000000,0.000785,0.057912
