variable_value,primary_metric,secondary_metric_1,secondary_metric_2
5,0.792885,0.000000,0.000000
10,0.795752,0.000000,0.000000
15,0.793952,0.000000,0.000000
20,0.795929,0.000000,0.000000
25,0.790314,0.000000,0.000000
30,0.792134,0.000000,0.000000
35,0.796809,0.000000,0.000000
40,0.797097,0.000000,0.000000
45,0.792259,0.000000,0.000000
50,0.799974,0.000000,0.000000
