variable_value,primary_metric,secondary_metric_1,secondary_metric_2
5,4.217574,,
10,4.185931,,
15,4.194299,,
20,4.199972,,
25,4.048879,,
30,3.976205,,
35,3.977080,,
40,3.976798,,
45,3.961958,,
50,3.955569,,
