variable_value,primary_metric,secondary_metric_1,secondary_metric_2
5,0.777015,0.000000,0.000000
10,0.780115,0.000000,0.000000
15,0.780188,0.000000,0.000000
20,0.786206,0.000000,0.000000
25,0.775865,0.000000,0.000000
30,0.778233,0.000000,0.000000
35,0.781730,0.000000,0.000000
40,0.784802,0.000000,0.000000
45,0.776803,0.000000,0.000000
50,0.783878,0.000000,0.000000
