variable_value,primary_metric,secondary_metric_1,secondary_metric_2
5,4.095533,0.000000,0.000000
10,4.091427,0.000000,0.000000
15,4.084101,0.000000,0.000000
20,4.097418,0.000000,0.000000
25,4.082232,0.000000,0.000000
30,4.080169,0.000000,0.000000
35,4.084262,0.000000,0.000000
40,4.086007,0.000000,0.000000
45,4.068870,0.000000,0.000000
50,4.083384,0.000000,0.000000
