variable_value,primary_metric,secondary_metric_1,secondary_metric_2
5,0.781442,0.000000,0.000000
10,0.784788,0.000000,0.000000
15,0.781061,0.000000,0.000000
20,0.784303,0.000000,0.000000
25,0.778126,0.000000,0.000000
30,0.783043,0.000000,0.000000
35,0.786323,0.000000,0.000000
40,0.784576,0.000000,0.000000
45,0.779971,0.000000,0.000000
50,0.786405,0.000000,0.000000
