num_fog_nodes,scheduling_latency_ms,workload_imbalance
5,0.058124,0.100008
10,0.073742,0.050634
15,0.089541,0.052433
20,0.113593,0.046393
25,0.141498,0.046770
30,0.170599,0.040833
35,0.218263,0.039082
40,0.254316,0.036746
45,0.291957,0.036175
50,0.332621,0.033502
