num_fog_nodes,scheduling_latency_ms,workload_imbalance
5,0.038117,0.100008
10,0.053904,0.050875
15,0.072448,0.052567
20,0.096812,0.046693
25,0.129212,0.046846
30,0.162775,0.040896
35,0.210311,0.039232
40,0.249978,0.036803
45,0.288712,0.036222
50,0.329587,0.033562
