num_fog_nodes,scheduling_latency_ms,workload_imbalance
5,0.057831,0.100008
10,0.073816,0.050634
15,0.088974,0.052433
20,0.114242,0.046393
25,0.141068,0.046770
30,0.170826,0.040833
35,0.215511,0.039082
40,0.253803,0.036746
45,0.291933,0.036175
50,0.331716,0.033502
