variable_value,primary_metric,secondary_metric_1,secondary_metric_2
1,40.014400,0.000000,0.000000
2,80.028800,0.000000,0.000000
3,120.043200,0.000000,0.000000
4,160.057600,0.000000,0.000000
5,200.072000,0.000000,0.000000
6,240.086400,0.000000,0.000000
7,280.100800,0.000000,0.000000
8,320.115200,0.000000,0.000000
9,360.129600,0.000000,0.000000
10,400.144000,0.000000,0.000000
