num_fog_nodes,scheduling_latency_ms,workload_imbalance
5,0.061299,0.100006
10,0.077184,0.050904
15,0.096884,0.052677
20,0.121371,0.046567
25,0.152223,0.046899
30,0.184438,0.040984
35,0.229708,0.039244
40,0.273909,0.036878
45,0.315484,0.036293
50,0.359769,0.033602
