num_fog_nodes,scheduling_latency_ms,workload_imbalance,scheduling_comm_kb,convergence_time_epochs
10.000000,0.000518,0.100000,0.312500,5.000000
50.000000,0.001634,0.020000,1.562500,0.000000
100.000000,0.002730,0.010000,3.125000,0.000000
250.000000,0.006486,0.004000,7.812500,0.000000
500.000000,0.015600,0.002000,15.625000,0.000000
