num_fog_nodes,scheduling_latency_ms,workload_imbalance
5.000000,0.000594,0.051501
10.000000,0.000623,0.196425
15.000000,0.000796,0.166415
20.000000,0.000785,0.146682
25.000000,0.000977,0.132577
30.000000,0.001092,0.121880
35.000000,0.001210,0.113393
40.000000,0.001479,0.106506
45.000000,0.001458,0.100708
50.000000,0.001724,0.095782
