num_fog_nodes,scheduling_latency_ms,workload_imbalance
5,0.000037,0.250000
10,0.000036,0.500000
15,0.000037,0.489979
20,0.000036,0.458832
25,0.000037,0.428661
30,0.000036,0.402340
35,0.000036,0.379747
40,0.000037,0.360289
45,0.000037,0.343388
50,0.000037,0.328572
