variable_value,primary_metric,secondary_metric_1,secondary_metric_2
0.02,5.511575,1.000000,0.979900
0.04,6.007950,1.000000,0.960100
0.06,6.650421,1.000000,0.939800
0.08,7.160885,1.000000,0.919900
0.10,7.761575,1.000000,0.897300
0.12,8.300032,1.000000,0.879900
0.14,8.689715,1.000000,0.863500
0.16,8.863103,1.000000,0.844500
0.18,8.854307,1.000000,0.819900
0.20,8.705413,1.000000,0.799200
